{"cameraMode":{"drawMode":0,"name":"Shaded","section":"Shading Mode"},"sceneLighting":true,"audioPlay":false,"sceneViewState":{"m_AlwaysRefresh":false,"showFog":true,"showSkybox":true,"showFlares":true,"showImageEffects":true,"showParticleSystems":true,"showVisualEffectGraphs":true,"m_FxEnabled":true},"in2DMode":false,"pivot":{"x":4.923493385314941,"y":-0.0009641647338867188,"z":-1.3152389526367188},"rotation":{"x":-0.24387632310390473,"y":-0.18002700805664063,"z":0.04614156484603882,"w":-0.951892614364624},"size":11.241581916809082,"orthographic":false}